user_id,question_id,correct
1,q5012,0
1,q4706,1
1,q4366,1
1,q4829,0
1,q6528,0
1,q4793,0
1,q6488,1
1,q356,1
1,q1382,1
1,q830,1
1,q11259,1
1,q1092,1
1,q524,1
1,q485,0
1,q11261,1
1,q1329,1
1,q1204,1
1,q4891,1
1,q5477,1
1,q5049,0
1,q17211,0
1,q4760,0
1,q5957,1
1,q4041,1
1,q8633,1
1,q4480,1
1,q4034,1
1,q325,1
1,q295,1
1,q351,1
1,q1298,1
1,q1234,1
1,q11263,1
1,q391,1
1,q1010,1
1,q563,1
1,q11262,1
1,q3911,0
1,q9786,1
1,q4526,1
1,q5231,1
1,q4685,1
1,q17249,1
1,q5388,1
1,q4324,1
1,q4631,1
1,q17122,0
1,q6047,1
1,q5379,1
1,q5071,0
1,q8940,1
1,q5281,1
1,q5330,1
1,q4559,1
1,q9724,0
1,q6737,1
1,q3791,0
1,q150,0
1,q8093,1
1,q8061,1
1,q11016,1
1,q143,1
1,q560,1
1,q577,1
1,q698,0
1,q11249,1
1,q1182,1
1,q6838,1
1,q6839,1
1,q6837,1
1,q6840,1
1,q10635,1
1,q10636,0
1,q10634,1
1,q10637,0
1,q5499,1
1,q6501,0
1,q8687,1
1,q8796,1
1,q5978,1
1,q5221,0
1,q6186,1
1,q9124,1
1,q6055,1
1,q4478,1
1,q4276,1
1,q17158,1
1,q6522,1
1,q5390,1
1,q4304,0
1,q4304,1
1,q6501,1
1,q6921,0
1,q6924,1
1,q6922,1
1,q6923,0
1,q5724,1
1,q8557,1
1,q3939,1
1,q8482,1
1,q6194,0
1,q9034,1
1,q4297,1
1,q5432,1
1,q3928,1
1,q10067,1
1,q6733,1
1,q3774,1
1,q4127,0
1,q8641,1
1,q4565,1
1,q6454,1
1,q8657,1
1,q10128,1
1,q4563,0
1,q5458,0
1,q6179,1
1,q9148,0
1,q5283,1
1,q6551,1
1,q3945,1
1,q8578,1
1,q5050,1
1,q5507,0
1,q3995,1
1,q10149,0
1,q5741,1
1,q4318,0
1,q8455,1
1,q9820,1
1,q6087,1
1,q5553,1
1,q4495,1
1,q8818,1
1,q6390,1
1,q6113,1
1,q668,0
1,q947,1
1,q676,1
1,q834,1
1,q703,1
1,q967,1
1,q1346,1
1,q467,1
1,q850,0
1,q316,1
1,q5786,1
1,q9477,1
1,q4031,1
1,q5774,1
1,q5060,1
1,q17284,1
1,q6378,1
1,q4528,1
1,q5682,1
1,q5899,1
1,q555,0
1,q749,0
1,q237,1
1,q380,1
1,q1310,0
1,q945,1
1,q754,0
1,q667,0
1,q1062,1
1,q600,0
1,q523,1
1,q469,1
1,q1049,1
1,q1340,1
1,q243,0
1,q729,0
1,q1395,1
1,q1383,1
1,q802,1
1,q870,1
1,q5838,0
1,q4202,1
1,q5392,1
1,q9455,1
1,q5763,0
1,q8692,1
1,q6497,1
1,q8758,1
1,q6401,1
1,q5243,1
1,q5039,1
1,q9777,1
1,q4001,0
1,q6075,1
1,q4402,1
1,q8373,0
1,q5311,1
1,q4474,1
1,q6431,1
1,q3843,1
1,q552,1
1,q858,1
1,q477,1
1,q764,1
1,q1149,0
1,q6543,0
1,q5075,0
1,q5452,1
1,q8955,1
1,q5652,1
1,q4539,1
1,q3728,1
1,q17291,1
1,q5315,1
1,q4925,1
1,q1319,0
1,q897,1
1,q1186,1
1,q1157,1
1,q591,0
1,q3788,1
1,q17262,1
1,q5361,1
1,q5294,1
1,q3691,1
1,q17151,0
1,q4790,1
1,q6059,0
1,q6156,1
1,q17213,0
1,q104,1
1,q1724,1
1,q1722,0
1,q1723,1
1,q10649,1
1,q10648,1
1,q10647,0
1,q10646,1
1,q10647,0
1,q10646,1
1,q10648,1
1,q10649,1
1,q10029,1
1,q10020,0
1,q1738,1
1,q1737,0
1,q1739,0
1,q1456,0
1,q1455,1
1,q1457,0
1,q10026,1
1,q10033,0
1,q1729,1
1,q1730,0
1,q1728,1
1,q1002,0
1,q1361,1
1,q1247,0
1,q1515,1
1,q1516,0
1,q1517,1
1,q10045,1
1,q1779,1
1,q1781,1
1,q1780,1
1,q11835,1
1,q11837,0
1,q11838,1
1,q11836,1
1,q1885,0
1,q1886,0
1,q1884,0
1,q2357,0
1,q2355,1
1,q2356,0
1,q2526,0
1,q2528,0
1,q2527,1
1,q1927,1
1,q1928,0
1,q1926,0
1,q2542,1
1,q2541,0
1,q2543,1
1,q3114,0
1,q3115,0
1,q3116,0
1,q3190,0
1,q3191,0
1,q3189,0
1,q3121,1
1,q3120,1
1,q3122,0
1,q2617,0
1,q2618,0
1,q2616,0
1,q3004,1
1,q3005,1
1,q3003,1
1,q2829,0
1,q2831,0
1,q2830,1
1,q3514,1
1,q3515,1
1,q3513,0
1,q3335,1
1,q3334,0
1,q3333,1
1,q2898,1
1,q2899,1
1,q2900,0
1,q1704,1
1,q1705,1
1,q1706,1
1,q2263,1
1,q2262,0
1,q2264,1
1,q2233,1
1,q2234,1
1,q2232,1
1,q1980,0
1,q1981,0
1,q1982,1
1,q1760,0
1,q1759,0
1,q1758,1
1,q485,1
1,q150,0
1,q698,1
1,q668,1
1,q850,1
1,q555,0
1,q749,1
1,q1310,0
1,q754,1
1,q667,1
1,q600,1
1,q243,1
1,q729,0
1,q1149,1
1,q1319,1
1,q7016,1
1,q7013,0
1,q7015,1
1,q7017,1
1,q7014,1
1,q7612,0
1,q7608,1
1,q7610,1
1,q7611,0
1,q7609,1
1,q7461,1
1,q7460,1
1,q7463,1
1,q7464,1
1,q7462,1
1,q7887,1
1,q7888,1
1,q7890,1
1,q7889,1
1,q7886,1
1,q7523,1
1,q7524,0
1,q7521,1
1,q7522,1
1,q7520,1
1,q5012,0
1,q4829,1
1,q6528,0
1,q4793,1
1,q5049,1
1,q17211,0
1,q4760,1
1,q3911,1
1,q17122,0
1,q5071,1
1,q9724,1
1,q3791,0
1,q61,1
1,q172,0
1,q8057,0
1,q8143,0
1,q135,0
1,q8108,1
1,q3156,0
1,q3157,0
1,q3158,1
1,q2954,0
1,q2953,1
1,q2952,1
1,q3397,1
1,q3396,0
1,q3398,1
1,q3460,1
1,q3459,1
1,q3461,1
1,q2640,1
1,q2641,0
1,q2642,1
1,q10640,1
1,q10641,1
1,q10639,0
1,q10638,0
1,q6853,1
1,q6856,1
1,q6854,1
1,q6855,1
1,q6880,0
1,q6878,0
1,q6877,1
1,q6879,1
1,q6806,1
1,q6808,1
1,q6805,1
1,q6807,1
1,q10634,1
1,q10636,0
1,q10635,1
1,q10637,1
1,q5221,0
1,q6924,1
1,q6922,1
1,q6923,1
1,q6921,1
1,q6194,1
1,q4127,1
1,q4563,0
1,q5458,0
1,q9148,1
1,q5507,1
1,q10149,0
1,q4318,1
1,q5838,0
1,q5763,1
1,q4001,0
1,q8373,1
1,q6543,0
1,q5075,1
1,q17151,0
1,q6059,0
1,q6930,1
1,q6929,1
1,q6931,1
1,q6932,1
1,q6665,1
1,q6667,1
1,q6668,1
1,q6666,1
1,q6987,1
1,q6986,1
1,q6985,1
1,q6988,1
1,q11833,1
1,q11834,1
1,q11831,1
1,q11832,1
1,q13,1
1,q8096,0
1,q188,1
1,q176,0
1,q29,1
1,q46,1
1,q2520,1
1,q2522,0
1,q2521,0
1,q9463,1
1,q5922,1
1,q5773,1
1,q6486,1
1,q10119,0
1,q8460,1
1,q4166,1
1,q4055,0
1,q9965,1
1,q5052,0
1,q6571,1
1,q6569,1
1,q6570,1
1,q6572,0
1,q6650,1
1,q6651,0
1,q6652,1
1,q6649,1
1,q1918,1
1,q1917,1
1,q1919,1
1,q2213,1
1,q2212,1
1,q2211,1
1,q2195,0
1,q2193,1
1,q2194,1
1,q2408,0
1,q2407,1
1,q2406,1
1,q2671,0
1,q2670,1
1,q2672,0
1,q2680,1
1,q2681,0
1,q2679,1
1,q2917,1
1,q2916,0
1,q2918,1
1,q3113,1
1,q3112,0
1,q3111,1
1,q2624,0
1,q2622,0
1,q2623,0
1,q1765,1
1,q1764,0
1,q1766,1
1,q1761,0
1,q1763,0
1,q1762,0
1,q8168,0
1,q11,0
1,q11194,0
1,q8090,1
1,q8161,1
1,q65,1
1,q11243,1
1,q59,0
1,q111,0
1,q8179,0
1,q1418,1
1,q1417,1
1,q1416,1
1,q2567,1
1,q2566,1
1,q2565,1
1,q7401,1
1,q7398,1
1,q7400,1
1,q7399,1
1,q8022,1
1,q8025,1
1,q8023,1
1,q8024,1
1,q7875,0
1,q7873,1
1,q7872,0
1,q7871,1
1,q7874,1
1,q11040,0
1,q131,1
1,q73,1
1,q56,1
1,q11182,1
1,q8103,1
1,q8074,1
1,q171,1
1,q11220,1
1,q158,1
1,q1577,1
1,q1576,0
1,q1575,1
1,q1740,0
1,q1742,0
1,q1741,1
1,q1924,0
1,q1925,1
1,q1923,1
1,q2116,1
1,q2115,1
1,q2117,1
1,q2150,1
1,q2148,0
1,q2149,1
1,q7511,1
1,q7512,1
1,q7510,1
1,q7513,0
1,q7514,1
1,q7771,0
1,q7770,1
1,q7772,0
1,q3313,0
1,q3312,1
1,q3314,1
1,q3560,1
1,q3559,1
1,q3558,1
1,q2859,1
1,q2861,0
1,q2860,0
1,q6887,1
1,q6885,1
1,q6888,1
1,q6886,1
1,q11549,1
1,q11548,0
1,q11550,1
1,q11547,0
1,q6568,1
1,q6565,1
1,q6567,1
1,q6566,1
1,q6968,0
1,q6967,0
1,q6966,1
1,q6965,1
1,q6869,1
1,q6871,1
1,q6870,1
1,q6872,0
1,q7260,1
1,q7258,1
1,q7261,1
1,q7257,0
1,q7259,1
1,q7249,1
1,q7248,1
1,q7247,1
1,q7250,1
1,q7251,1
1,q2660,1
1,q2659,1
1,q2658,0
1,q2848,1
1,q2849,0
1,q2847,1
1,q2721,1
1,q2723,0
1,q2722,1
1,q3416,1
1,q3415,1
1,q3414,1
1,q3411,1
1,q3413,1
1,q3412,0
1,q3222,1
1,q3223,1
1,q3224,0
1,q2601,0
1,q2603,0
1,q2602,1
1,q3524,0
1,q3522,1
1,q3523,1
1,q2846,1
1,q2844,1
1,q2845,1
1,q3425,1
1,q3423,1
1,q3424,1
1,q3557,0
1,q3556,1
1,q3555,1
1,q3306,1
1,q3307,1
1,q3308,0
1,q2627,1
1,q2626,0
1,q2625,1
1,q2608,1
1,q2609,1
1,q2607,0
1,q3388,0
1,q3389,1
1,q3387,0
1,q6355,1
1,q6336,0
1,q9825,1
1,q5328,0
1,q5308,1
1,q4602,1
1,q9094,1
1,q9578,0
1,q4181,1
1,q4121,0
1,q6194,1
1,q5221,1
1,q6871,1
1,q6870,1
1,q6872,1
1,q6869,1
1,q591,1
1,q243,1
1,q754,1
1,q850,1
1,q1319,1
1,q729,1
1,q667,0
1,q555,1
1,q3353,0
1,q3351,0
1,q3352,1
1,q2610,0
1,q2612,1
1,q2611,1
1,q3225,0
1,q3226,0
1,q3227,1
1,q3117,1
1,q3119,0
1,q3118,0
1,q2903,1
1,q2901,1
1,q2902,1
1,q8874,1
1,q6071,0
1,q5493,0
1,q5309,0
1,q9672,0
1,q6127,0
1,q6465,1
1,q5731,0
1,q9004,1
1,q5564,0
1,q8065,1
1,q7,0
1,q11033,1
1,q63,1
1,q8131,1
1,q555,1
1,q243,1
1,q4135,0
1,q4059,0
1,q9010,1
1,q6547,1
1,q5428,1
1,q3527,1
1,q3525,1
1,q3526,0
1,q2864,1
1,q2863,0
1,q2862,0
1,q4122,1
1,q17060,1
1,q4502,0
1,q4527,1
1,q3956,0
1,q10005,1
1,q5063,0
1,q4886,0
1,q5775,1
1,q17074,1
1,q5063,1
1,q6336,1
1,q6114,1
1,q3672,0
1,q4135,1
1,q3672,1
1,q5758,0
1,q9558,1
1,q4450,1
1,q6740,1
1,q5316,0
1,q9077,1
1,q8407,1
1,q3910,1
1,q10710,1
1,q10709,1
1,q10708,1
1,q10711,0
1,q6990,1
1,q6989,0
1,q6991,1
1,q6992,1
1,q6766,0
1,q6767,0
1,q6765,1
1,q6768,0
1,q6643,0
1,q6641,1
1,q6642,1
1,q6644,0
1,q11546,1
1,q11545,1
1,q11544,1
1,q11543,1
1,q6965,1
1,q6966,1
1,q6967,0
1,q6968,1
1,q3259,0
1,q3258,0
1,q3260,1
1,q2664,0
1,q2665,1
1,q2666,1
1,q2709,1
1,q2711,0
1,q2710,1
1,q3277,1
1,q3276,1
1,q3278,0
1,q3404,1
1,q3402,0
1,q3403,1
1,q8170,0
1,q11176,1
1,q154,1
1,q8140,0
1,q187,0
1,q10961,1
1,q8101,0
1,q8101,1
1,q7,1
1,q174,0
1,q8170,1
1,q174,1
1,q108,1
1,q11198,1
1,q600,1
1,q1273,1
1,q758,1
1,q265,1
1,q550,0
1,q550,1
1,q749,1
1,q890,1
1,q485,0
1,q698,1
1,q6766,1
1,q6768,1
1,q6765,1
1,q6767,1
1,q5611,0
1,q9039,0
1,q5686,0
1,q4476,1
1,q8666,1
1,q9555,0
1,q5031,0
1,q4878,0
1,q4151,0
1,q8967,1
1,q3848,1
1,q4022,0
1,q3806,1
1,q9481,1
1,q3665,1
1,q10,0
1,q160,0
1,q8069,1
1,q11049,1
1,q8149,1
1,q806,1
1,q1393,1
1,q1107,1
1,q200,1
1,q572,1
1,q289,0
1,q1048,1
1,q1198,1
1,q1241,0
1,q1144,1
1,q717,0
1,q489,0
1,q587,0
1,q1193,1
1,q917,0
1,q1398,1
1,q436,1
1,q561,1
1,q1166,0
1,q767,1
1,q852,1
1,q776,0
1,q336,1
1,q751,0
1,q823,1
1,q1733,0
1,q1732,1
1,q1731,0
1,q2343,1
1,q2344,1
1,q2345,1
1,q1603,0
1,q1602,1
1,q1604,1
1,q1606,1
1,q1607,1
1,q1605,1
1,q1463,1
1,q1462,1
1,q1461,1
1,q1829,1
1,q1828,1
1,q1827,1
1,q1994,1
1,q1993,1
1,q1992,1
1,q1555,0
1,q1554,1
1,q1556,0
1,q1641,1
1,q1643,1
1,q1642,0
1,q2043,1
1,q2045,0
1,q2044,1
1,q1835,0
1,q1833,0
1,q1834,0
1,q2161,1
1,q2160,1
1,q2162,1
1,q1522,1
1,q1523,1
1,q1521,0
1,q3098,1
1,q3097,1
1,q3096,0
1,q3257,1
1,q3255,1
1,q3256,0
1,q3161,1
1,q3159,0
1,q3160,0
1,q3062,1
1,q3061,1
1,q3060,1
1,q2944,1
1,q2943,1
1,q2945,1
1,q2824,1
1,q2823,1
1,q2825,0
1,q2834,1
1,q2832,1
1,q2833,0
1,q11304,1
1,q11302,0
1,q11303,0
1,q3427,1
1,q3426,1
1,q3428,1
1,q3288,1
1,q3290,1
1,q3289,1
1,q6183,1
1,q10032,0
1,q9352,1
1,q4883,0
1,q5076,0
1,q6225,1
1,q9968,0
1,q3935,0
1,q3666,1
1,q6509,0
1,q10101,1
1,q5659,0
1,q4517,1
1,q5279,1
1,q8573,0
1,q4486,0
1,q5683,0
1,q4045,1
1,q8580,1
1,q4083,0
1,q6841,0
1,q6844,1
1,q6842,1
1,q6843,1
1,q10644,1
1,q10642,1
1,q10643,0
1,q10645,1
1,q6813,1
1,q6815,1
1,q6816,1
1,q6814,1
1,q11655,1
1,q11658,0
1,q11656,1
1,q11657,1
1,q7052,1
1,q7049,0
1,q7053,1
1,q7051,0
1,q7050,1
1,q1636,1
1,q1637,1
1,q1635,1
1,q2427,1
1,q2428,1
1,q2429,1
1,q2485,0
1,q2486,0
1,q2484,1
1,q1883,1
1,q1882,1
1,q1881,1
1,q1536,1
1,q1537,1
1,q1538,0
1,q1884,0
1,q1885,1
1,q1886,1
1,q2355,1
1,q2357,1
1,q2356,1
1,q2526,1
1,q2527,0
1,q2528,1
1,q1927,1
1,q1928,1
1,q1926,1
1,q2541,1
1,q2542,1
1,q2543,1
1,q59,1
1,q10,0
1,q289,1
1,q485,1
1,q489,1
1,q698,1
1,q668,0
1,q555,1
1,q729,1
1,q6543,1
1,q4083,1
1,q4022,1
1,q5458,0
1,q3956,1
1,q4151,1
1,q5049,1
1,q5031,1
1,q6993,1
1,q6996,1
1,q6994,1
1,q6995,1
1,q6907,1
1,q6905,1
1,q6906,1
1,q6908,1
1,q6859,1
1,q6857,0
1,q6858,0
1,q6860,1
1,q10851,1
1,q10848,0
1,q10849,0
1,q10850,0
1,q6810,0
1,q6812,0
1,q6809,1
1,q6811,0
1,q6860,1
1,q6859,1
1,q6857,1
1,q6858,1
1,q123,1
1,q77,1
1,q11003,1
1,q8142,0
1,q187,1
1,q8142,1
1,q8071,1
1,q626,1
1,q214,1
1,q573,1
1,q1052,0
1,q259,0
1,q5655,0
1,q5496,0
1,q10158,0
1,q5416,1
1,q6069,1
1,q1166,1
1,q667,1
1,q917,1
1,q1310,0
1,q717,1
1,q2526,1
1,q2527,1
1,q2528,1
1,q1760,0
1,q1758,1
1,q1759,1
1,q1577,1
1,q1576,0
1,q1575,1
1,q2624,1
1,q2623,1
1,q2622,1
1,q3412,0
1,q3413,0
1,q3411,1
1,q2602,1
1,q2603,1
1,q2601,1
10,q6354,0
10,q240,0
10,q4124,1
10,q5790,1
10,q4996,0
10,q8651,1
10,q5746,0
10,q5366,1
10,q28,0
10,q4598,0
10,q4921,1
10,q558,1
10,q10642,1
10,q10644,1
10,q10643,0
10,q10645,1
100,q4370,1
100,q1305,1
100,q10026,0
100,q4014,0
100,q4019,0
100,q6323,1
100,q6037,0
100,q726,0
100,q10327,1
100,q280,0
100,q1651,0
100,q1652,0
100,q1650,0
100,q11746,0
100,q11745,1
100,q11744,1
100,q11743,1
100,q526,0
100,q1857,1
100,q1859,0
100,q1858,1
100,q84,1
100,q686,1
100,q1684,1
100,q1683,1
100,q1685,1
100,q6302,0
100,q10268,0
100,q7106,1
100,q7107,1
100,q4476,1
100,q3650,1
100,q5492,0
1000,q8679,1
1000,q417,1
1000,q6446,0
1000,q190,0
1000,q5384,0
1000,q6528,0
1000,q3633,1
1000,q8122,1
1000,q185,1
1000,q8083,0
1000,q11165,1
1000,q8163,0
1000,q8078,1
1000,q8143,0
1000,q10997,1
1000,q84,1
1000,q167,0
1000,q8083,1
1000,q638,0
1000,q438,0
1000,q1164,0
1000,q295,0
1000,q403,0
1000,q438,1
1000,q1325,1
1000,q1197,0
1000,q1197,1
1000,q403,1
1000,q11262,0
1000,q798,1
1000,q661,1
1000,q264,1
1000,q11249,1
1000,q608,1
1000,q904,0
1000,q598,0
1000,q11259,1
1000,q810,0
1000,q662,0
1000,q818,1
1000,q11261,0
1000,q494,1
1000,q1063,0
1000,q1063,1
1000,q662,1
1000,q615,1
1000,q11263,1
1000,q223,1
1000,q1340,1
1000,q637,1
1000,q926,0
1000,q1176,0
1000,q1343,0
1000,q598,1
1000,q1343,1
1000,q997,1
1000,q722,0
1000,q526,0
1000,q526,1
1000,q1176,0
1000,q1295,0
1000,q1197,1
1000,q1295,1
1000,q403,1
1000,q810,1
1000,q887,1
1000,q406,0
1000,q350,1
1000,q1351,0
1000,q1351,1
1000,q1063,1
1000,q1049,1
1000,q1205,0
1000,q226,1
1000,q722,1
1000,q2458,1
1000,q2457,1
1000,q2459,0
1000,q1632,0
1000,q1634,0
1000,q1633,0
1000,q1794,1
1000,q1795,1
1000,q1796,1
1000,q1482,0
1000,q1484,0
1000,q1483,1
1000,q2130,0
1000,q2131,1
1000,q2132,0
1000,q1486,1
1000,q1485,1
1000,q1487,1
1000,q1687,1
1000,q1688,0
1000,q1686,1
1000,q1521,0
1000,q1522,1
1000,q1523,1
1000,q2535,1
1000,q2537,0
1000,q2536,0
1000,q2506,1
1000,q2507,1
1000,q2505,0
1000,q1632,1
1000,q1634,1
1000,q1633,1
1000,q2834,1
1000,q2832,1
1000,q2833,0
1000,q3568,0
1000,q3569,1
1000,q3567,1
1000,q3269,1
1000,q3268,0
1000,q3267,1
1000,q3575,0
1000,q3573,1
1000,q3574,1
1000,q3227,0
1000,q3226,1
1000,q3225,0
1000,q2861,1
1000,q2860,0
1000,q2859,1
1000,q3289,1
1000,q3288,1
1000,q3290,1
1000,q5049,1
1000,q4565,1
1000,q4828,0
1000,q8645,0
1000,q9577,0
1000,q4530,0
1000,q6330,1
1000,q9397,0
1000,q3935,0
1000,q6540,1
1000,q4018,0
1000,q5367,0
1000,q4172,1
1000,q9612,0
1000,q5041,0
1000,q10332,0
1000,q6465,1
1000,q4838,1
1000,q8490,1
1000,q9470,0
1000,q6,1
1000,q11098,1
1000,q8059,1
1000,q8125,0
1000,q8160,1
1000,q11232,0
1000,q143,0
1000,q67,1
1000,q8,1
1000,q11142,0
1000,q8067,1
1000,q8111,1
1000,q8129,1
1000,q11058,1
1000,q18,1
1000,q8060,1
1000,q8098,1
1000,q10983,0
1000,q8061,1
1000,q131,1
1000,q107,1
1000,q11057,0
1000,q8055,1
1000,q8109,1
1000,q8114,0
1000,q11156,0
1000,q8113,1
1000,q8095,0
1000,q34,0
1000,q11236,1
1000,q6565,1
1000,q6567,0
1000,q6568,1
1000,q6566,0
1000,q6663,1
1000,q6662,1
1000,q6664,1
1000,q6661,1
1000,q6672,1
1000,q6669,0
1000,q6671,0
1000,q6670,0
1000,q10839,1
1000,q10838,0
1000,q10836,0
1000,q10837,1
1000,q6784,0
1000,q6781,1
1000,q6782,1
1000,q6783,0
1000,q6782,0
1000,q6781,1
1000,q6784,1
1000,q6783,1
1000,q6885,1
1000,q6887,0
1000,q6888,1
1000,q6886,0
1000,q6568,1
1000,q6565,1
1000,q6566,1
1000,q6567,1
1000,q6559,1
1000,q6557,1
1000,q6558,0
1000,q6560,0
1000,q6559,1
1000,q6560,0
1000,q6557,1
1000,q6558,0
1000,q10877,1
1000,q10878,1
1000,q10879,0
1000,q10876,0
1000,q6813,1
1000,q6815,1
1000,q6816,0
1000,q6814,0
1000,q6557,1
1000,q6560,1
1000,q6559,1
1000,q6558,1
1000,q6829,1
1000,q6830,1
1000,q6831,0
1000,q6832,1
1000,q6855,0
1000,q6853,1
1000,q6856,0
1000,q6854,0
1000,q6856,0
1000,q6855,1
1000,q6853,1
1000,q6854,1
1000,q6601,1
1000,q6603,0
1000,q6604,1
1000,q6602,0
1000,q6782,1
1000,q6781,1
1000,q6784,1
1000,q6783,1
1000,q403,1
1000,q773,0
1000,q987,1
1000,q413,1
1000,q386,1
1000,q1254,1
1000,q769,1
1000,q439,0
1000,q1231,1
1000,q471,0
1000,q945,1
1000,q516,1
1000,q954,1
1000,q853,1
1000,q4122,0
1000,q3788,1
1000,q3774,0
1000,q9200,0
1000,q6509,0
1000,q4018,1
1000,q6509,1
1000,q4783,1
1000,q6101,0
1000,q9577,1
1000,q6101,1
1000,q8775,0
1000,q5321,1
1000,q4557,1
1000,q5575,0
1000,q9775,1
1000,q6511,1
1000,q5648,1
1000,q6243,0
1000,q9806,0
1000,q6261,0
1000,q5787,1
1000,q5786,1
1000,q9496,1
1000,q3901,1
1000,q6391,1
1000,q4579,0
1000,q9681,0
1000,q5336,1
1000,q8666,0
1000,q10016,0
1000,q9053,0
1000,q4297,1
1000,q6333,0
1000,q4850,0
1000,q9779,1
1000,q8455,1
1000,q5329,1
1000,q6378,1
1000,q9036,0
1000,q4029,1
1000,q3665,0
1000,q6120,1
1000,q9144,1
1000,q6548,1
1000,q6261,1
1000,q6547,1
1000,q5768,0
1000,q8365,0
1000,q6071,0
1000,q5654,1
1000,q5045,1
1000,q9704,0
1000,q5739,0
1000,q6187,1
1000,q3771,0
1000,q8356,0
1000,q8355,0
1000,q8353,1
1000,q8354,1
1000,q8352,1
1000,q7866,0
1000,q7867,0
1000,q7870,0
1000,q7869,1
1000,q7868,1
1000,q7414,0
1000,q7416,0
1000,q7415,1
1000,q7417,0
1000,q9383,1
1000,q4474,1
1000,q7053,1
1000,q7051,1
1000,q7052,1
1000,q7050,1
1000,q7049,0
1000,q8276,1
1000,q8272,0
1000,q8275,1
1000,q8273,1
1000,q8274,1
1000,q4557,1
1000,q6540,1
1000,q6187,0
1000,q2458,1
1000,q2459,1
1000,q2457,1
1000,q818,1
1000,q11249,1
1000,q11259,1
1000,q4850,0
1000,q11236,0
1000,q6547,1
1000,q8114,1
1000,q3290,1
1000,q3289,1
1000,q3288,0
1000,q386,1
1000,q5739,1
1000,q661,1
1000,q8061,1
1000,q10016,1
1000,q6557,1
1000,q6559,1
1000,q6560,1
1000,q6558,1
1000,q6832,1
1000,q6829,1
1000,q6831,1
1000,q6830,1
1000,q4596,1
1000,q6381,1
1000,q10211,1
1000,q4476,0
1000,q4697,1
1000,q3915,1
1000,q9134,1
1000,q5538,1
1000,q4746,1
1000,q5095,1
1000,q8184,0
1000,q4564,1
1000,q5590,1
1000,q4470,1
1000,q10185,0
1000,q4319,0
1000,q5043,1
1000,q4468,1
1000,q9077,1
1000,q3919,1
1000,q5741,0
1000,q4495,0
1000,q4746,1
1000,q5336,1
1000,q6547,1
1000,q11156,1
1000,q10839,1
1000,q10837,1
1000,q10836,1
1000,q10838,1
1000,q5654,1
1000,q3268,1
1000,q3267,1
1000,q3269,1
1000,q2507,1
1000,q2505,0
1000,q2506,0
1000,q8059,1
1000,q107,1
1000,q810,1
1000,q8645,0
1000,q818,1
1000,q2132,1
1000,q2130,1
1000,q2131,1
1000,q6565,1
1000,q6566,0
1000,q6568,1
1000,q6567,1
1000,q1249,0
1000,q1019,0
1000,q243,0
1000,q660,1
1000,q670,1
1000,q922,1
1000,q198,0
1000,q416,1
1000,q495,1
1000,q536,1
1000,q1204,0
1000,q1196,0
1000,q662,0
1000,q1063,0
1000,q8734,0
1000,q5044,1
1000,q4361,1
1000,q5392,0
1000,q10186,0
1000,q5738,0
1000,q5738,1
1000,q5741,1
1000,q5413,0
1000,q3757,0
1000,q8804,0
1000,q4747,1
1000,q5774,0
1000,q3797,1
1000,q10253,1
1000,q3740,1
1000,q5382,1
1000,q5060,0
1000,q8780,0
1000,q5223,0
1000,q4539,0
1000,q5328,0
1000,q8393,0
1000,q4831,0
1000,q4376,0
1000,q6021,1
1000,q8541,1
1000,q5046,0
1000,q5667,1
1000,q5743,1
1000,q9802,0
1000,q4560,0
1000,q4827,1
1000,q4508,1
1000,q9942,1
1000,q6193,1
1000,q6059,1
1000,q4533,1
1000,q10234,0
1000,q4311,1
1000,q5459,1
1000,q6514,0
1000,q8519,0
1000,q5785,1
1000,q6087,1
1000,q4472,1
1000,q9867,1
1000,q4354,0
1000,q4822,1
1000,q4865,1
1000,q9768,1
1000,q5780,0
1000,q8666,1
1000,q5060,1
1000,q5780,0
1000,q4833,1
1000,q5093,1
1000,q9847,0
1000,q4028,1
1000,q6210,0
1000,q3678,1
1000,q8595,0
1000,q6497,1
1000,q4729,0
1000,q4371,1
1000,q10303,1
1000,q6183,0
1000,q6749,1
1000,q4894,1
1000,q10297,0
1000,q4907,1
1000,q6134,1
1000,q6363,0
1000,q8876,1
1000,q3812,0
1000,q3767,1
1000,q4478,0
1000,q5046,1
1000,q4478,1
1000,q9453,0
1000,q9578,0
1000,q4630,1
1000,q4061,1
1000,q9437,1
1000,q4734,1
1000,q6353,0
1000,q6353,1
1000,q6363,0
1000,q5242,0
1000,q6183,1
1000,q5242,1
1000,q8622,1
1000,q4667,1
1000,q4753,1
1000,q3947,1
1000,q9832,0
1000,q5054,1
1000,q4176,1
1000,q9579,1
1000,q9793,1
1000,q6523,1
1000,q5763,0
1000,q498,1
1000,q942,1
1000,q478,1
1000,q1058,0
1000,q1204,1
1000,q1029,1
1000,q812,0
1000,q1180,1
1000,q400,1
1000,q830,1
1000,q665,1
1000,q205,1
1000,q219,1
1000,q1253,0
1000,q560,0
1000,q1058,1
1000,q471,1
1000,q376,1
1000,q393,1
1000,q785,1
1000,q220,0
1000,q903,1
1000,q252,1
1000,q1199,0
1000,q281,1
1000,q815,1
1000,q370,1
1000,q1181,0
1000,q647,0
1000,q406,0
1000,q647,1
1000,q1253,1
1000,q1225,1
1000,q1215,1
1000,q1111,1
1000,q1013,1
1000,q156,0
1000,q2,1
1000,q8075,0
1000,q11200,0
1000,q8088,1
1000,q56,0
1000,q192,1
1000,q11015,1
1000,q8099,0
1000,q90,1
1000,q188,1
1000,q11089,1
1000,q8084,1
1000,q183,1
1000,q100,1
1000,q11128,1
1000,q74,1
1000,q95,1
1000,q121,1
1000,q11148,1
1000,q1891,1
1000,q1892,0
1000,q1890,1
1000,q1752,0
1000,q1753,0
1000,q1754,0
1000,q1606,1
1000,q1605,1
1000,q1607,0
1000,q1659,1
1000,q1660,1
1000,q1661,0
1000,q2096,1
1000,q2095,0
1000,q2094,1
1000,q4560,1
1000,q5763,1
1000,q5774,1
1000,q4831,1
1000,q5385,1
1000,q10314,0
1000,q6253,1
1000,q5492,0
1000,q4402,1
1000,q9029,0
1000,q5262,0
1000,q8658,1
1000,q3745,1
1000,q8911,0
1000,q3771,1
1000,q3757,1
1000,q6971,1
1000,q6970,1
1000,q6969,1
1000,q6972,0
1000,q8113,1
1000,q1429,0
1000,q1428,1
1000,q1430,1
1000,q1840,0
1000,q1841,0
1000,q1839,1
1000,q2536,1
1000,q2537,1
1000,q2535,1
1000,q1891,1
1000,q1890,0
1000,q1892,1
1000,q1982,1
1000,q1980,0
1000,q1981,1
1000,q3983,0
1000,q4732,0
1000,q6514,1
1000,q4732,1
1000,q5782,0
1000,q9459,0
1000,q5983,0
1000,q4354,1
1000,q5983,1
1000,q4760,1
1000,q5310,0
1000,q10168,1
1000,q5929,1
1000,q5327,0
1000,q5206,1
1000,q9857,1
1000,q3650,0
1000,q5327,1
1000,q4495,0
1000,q6926,0
1000,q6927,0
1000,q6925,1
1000,q6928,0
1000,q6814,1
1000,q6816,0
1000,q6813,0
1000,q6815,1
1000,q6840,1
1000,q6839,1
1000,q6838,1
1000,q6837,0
1000,q6566,1
1000,q6568,1
1000,q6565,1
1000,q6567,1
1000,q10707,0
1000,q10704,1
1000,q10706,1
1000,q10705,1
1000,q10634,0
1000,q10635,1
1000,q10636,0
1000,q10637,0
1000,q6933,0
1000,q6935,0
1000,q6934,1
1000,q6936,1
1000,q6652,1
1000,q6651,1
1000,q6649,0
1000,q6650,0
1000,q11826,1
1000,q11824,1
1000,q11825,0
1000,q11823,1
1000,q6860,1
1000,q6858,0
1000,q6857,1
1000,q6859,0
1000,q6824,1
1000,q6823,1
1000,q6822,1
1000,q6821,1
1000,q6902,1
1000,q6903,0
1000,q6901,1
1000,q6904,0
1000,q11869,1
1000,q11867,0
1000,q11870,1
1000,q11868,1
1000,q7160,1
1000,q7161,1
1000,q7524,1
1000,q7520,0
1000,q7523,0
1000,q7522,1
1000,q7521,0
1000,q7193,0
1000,q7192,1
1000,q7195,1
1000,q7194,0
1000,q7196,1
1000,q7035,1
1000,q7036,1
1000,q7037,1
1000,q7034,0
1000,q7038,0
1000,q5733,0
1000,q5519,1
1000,q9980,0
1000,q3930,1
1000,q6911,0
1000,q6910,1
1000,q6912,1
1000,q6909,1
1000,q6999,1
1000,q6997,1
1000,q6998,1
1000,q7000,0
1000,q6974,0
1000,q6976,0
1000,q6975,0
1000,q6973,1
1000,q6597,1
1000,q6598,1
1000,q6599,0
1000,q6600,0
1000,q6970,1
1000,q6972,1
1000,q6969,0
1000,q6971,1
1000,q7720,1
1000,q7718,0
1000,q7717,1
1000,q7719,1
1000,q7066,0
1000,q7064,1
1000,q7067,1
1000,q7068,1
1000,q7065,1
1000,q7514,1
1000,q7513,1
1000,q7511,0
1000,q7510,0
1000,q7512,1
1000,q7886,0
1000,q7889,0
1000,q7888,1
1000,q7890,1
1000,q7887,1
1000,q7545,0
1000,q7548,1
1000,q7546,1
1000,q7549,1
1000,q7547,1
1000,q7478,1
1000,q7477,1
1000,q7475,1
1000,q7479,1
1000,q7476,1
1000,q7976,0
1000,q7973,0
1000,q7974,0
1000,q7975,1
1000,q7977,1
1000,q8077,1
1000,q115,0
1000,q1,1
1000,q11208,1
1000,q8121,1
1000,q73,1
1000,q8052,1
1000,q10948,0
1000,q8062,1
1000,q45,1
1000,q7855,1
1000,q7851,1
1000,q7852,1
1000,q7853,1
1000,q7854,1
1000,q7181,1
1000,q7182,0
1000,q7180,1
1000,q7179,1
1000,q7565,1
1000,q7566,1
1000,q7563,0
1000,q7564,0
1000,q7636,1
1000,q7635,1
1000,q7555,0
1000,q7556,1
1000,q7564,1
1000,q7563,1
1000,q7565,1
1000,q7566,1
1000,q1590,1
1000,q1591,1
1000,q1592,0
1000,q2088,0
1000,q2090,1
1000,q2089,1
1000,q2397,0
1000,q2399,0
1000,q2398,1
1000,q1914,1
1000,q1915,1
1000,q1916,0
1000,q1684,1
1000,q1685,0
1000,q1683,1
1000,q2011,0
1000,q2010,1
1000,q2012,0
1000,q1660,0
1000,q1661,0
1000,q1659,1
1000,q674,1
1000,q284,1
1000,q738,1
1000,q772,1
1000,q616,1
1000,q467,1
1000,q318,1
1000,q657,1
1000,q542,0
1000,q1093,1
1000,q519,1
1000,q1090,1
1000,q1162,1
1000,q993,1
1000,q688,1
1000,q795,1
1000,q1385,1
1000,q1167,0
1000,q1291,1
1000,q1362,1
1000,q781,1
1000,q1097,1
1000,q6177,1
1000,q4189,1
1000,q8505,0
1000,q6440,1
1000,q4321,1
1000,q4518,1
1000,q8943,0
1000,q6074,0
1000,q6074,1
1000,q9578,1
1000,q8421,0
1000,q3650,0
1000,q8421,1
1000,q3923,1
1000,q9452,1
1000,q4181,1
1000,q5400,1
1000,q4597,1
1000,q8931,0
1000,q3942,1
1000,q5334,1
1000,q4507,0
1000,q5733,0
1000,q4507,1
1000,q8946,0
1000,q6929,0
1000,q6932,1
1000,q6931,1
1000,q6930,0
1000,q6673,1
1000,q6674,0
1000,q6675,0
1000,q6676,0
1000,q6665,0
1000,q6668,1
1000,q6666,1
1000,q6667,1
1000,q11634,0
1000,q11633,0
1000,q11631,1
1000,q11632,1
1000,q6937,0
1000,q6940,1
1000,q6939,1
1000,q6938,1
1000,q6691,0
1000,q6690,1
1000,q6692,1
1000,q6689,1
1000,q6566,1
1000,q6567,1
1000,q6568,1
1000,q6565,0
1000,q2480,1
1000,q2478,1
1000,q2479,0
1000,q2307,0
1000,q2309,0
1000,q2308,0
1000,q1541,1
1000,q1539,1
1000,q1540,1
1000,q1529,0
1000,q1528,1
1000,q1527,0
1000,q1534,0
1000,q1533,0
1000,q1535,1
1000,q1410,1
1000,q1411,1
1000,q1412,1
1000,q806,1
1000,q1287,1
1000,q503,0
1000,q957,1
1000,q249,1
1000,q124,0
1000,q11166,1
1000,q8070,1
1000,q114,0
1000,q57,0
1000,q11238,0
1000,q94,1
1000,q184,0
1000,q8103,0
1000,q10991,0
1000,q8165,1
1000,q134,1
1000,q8051,1
1000,q11080,1
1000,q8063,1
1000,q151,1
1000,q77,0
1000,q10998,1
1000,q8172,1
1000,q8162,1
1000,q72,1
1000,q7590,1
1000,q7587,1
1000,q7588,1
1000,q7589,1
1000,q1566,0
1000,q1568,1
1000,q1567,1
1000,q2005,1
1000,q2006,1
1000,q2004,0
1000,q5343,1
1000,q4633,0
1000,q4843,1
1000,q10251,0
1000,q5320,0
1000,q5652,0
1000,q4741,1
1000,q9849,0
1000,q4600,1
1000,q6390,0
1000,q2355,1
1000,q2357,1
1000,q2356,0
1000,q2365,0
1000,q2364,0
1000,q2366,1
1000,q1665,1
1000,q1667,1
1000,q1666,1
1000,q1733,1
1000,q1731,1
1000,q1732,1
1000,q5646,0
1000,q9566,1
1000,q6740,1
1000,q6230,1
1000,q4034,1
1000,q6292,1
1000,q5332,0
1000,q9608,1
1000,q6217,1
1000,q8846,0
1000,q8687,1
1000,q5304,0
1000,q6353,1
1000,q5646,1
1000,q4498,1
1000,q9380,1
1000,q5284,1
1000,q6466,0
1000,q5395,1
1000,q8971,0
1000,q6996,1
1000,q6995,1
1000,q6994,1
1000,q6993,1
1000,q11539,1
1000,q11541,1
1000,q11542,0
1000,q11540,0
1000,q10962,0
1000,q172,0
1000,q166,0
1000,q8178,0
1000,q11191,1
1000,q8106,0
1000,q60,1
1000,q153,1
1000,q10989,0
1000,q8112,0
1000,q31,1
1000,q8064,0
1000,q11190,1
1000,q8108,0
1000,q89,0
1000,q79,1
1000,q11115,1
1000,q20,1
1000,q11,0
1000,q8133,0
1000,q11239,1
1000,q163,1
1000,q132,1
1000,q8126,1
1000,q11138,1
1000,q8175,1
1000,q53,1
1000,q13,1
1000,q11025,1
1000,q15,1
1000,q5759,0
1000,q6175,1
1000,q4015,1
1000,q10073,1
1000,q3756,0
1000,q5331,1
1000,q5660,0
1000,q9725,0
1000,q5070,0
1000,q4515,1
1000,q5572,1
1000,q9455,0
1000,q6418,0
1000,q5594,1
1000,q4509,0
1000,q10155,1
1000,q4836,1
1000,q4333,1
1000,q3921,0
1000,q10102,0
1000,q4128,0
1000,q5103,1
1000,q5401,1
1000,q8362,0
1000,q4577,0
1000,q4190,1
1000,q5317,1
1000,q4848,0
1000,q5312,0
1000,q6255,1
1000,q3955,1
1000,q9123,1
1000,q5062,1
1000,q4545,1
1000,q5238,0
1000,q9384,1
1000,q6750,1
1000,q6441,1
1000,q4199,0
1000,q8561,1
1000,q8442,0
1000,q5289,1
1000,q4872,1
1000,q8617,0
1000,q5330,1
1000,q4819,1
1000,q5339,0
1000,q9327,1
1000,q4593,0
1000,q5251,1
1000,q5407,1
1000,q10201,1
1000,q4410,1
1000,q6741,1
1000,q4880,1
1000,q9560,0
1000,q142,1
1000,q8090,1
1000,q2484,1
1000,q2486,1
1000,q2485,0
1000,q2566,1
1000,q2567,1
1000,q2565,1
1000,q2057,1
1000,q2055,1
1000,q2056,1
1000,q2145,1
1000,q2147,1
1000,q2146,1
1000,q1744,1
1000,q1743,1
1000,q1745,1
1000,q1871,0
1000,q1870,1
1000,q1869,0
1000,q3909,1
1000,q3985,1
1000,q4555,0
1000,q4610,1
1000,q4249,0
1000,q4820,0
1000,q9621,1
1000,q10194,1
1000,q6066,1
1000,q6510,1
1000,q6294,1
1000,q8838,1
1000,q4594,1
1000,q4904,0
1000,q3736,0
1000,q8202,0
1000,q5322,0
1000,q6055,0
1000,q6210,1
1000,q6055,1
1000,q4318,0
1000,q9791,1
1000,q6160,0
1000,q4131,0
1000,q6111,1
1000,q8194,1
1000,q6508,0
1000,q5313,0
1000,q6321,1
1000,q8919,0
1000,q5053,1
1000,q8460,0
1000,q11245,1
1000,q191,1
1000,q8096,0
1000,q3,0
1000,q11033,1
1000,q170,0
1000,q8049,0
1000,q8134,1
1000,q11048,1
1000,q186,0
1000,q49,1
1000,q46,0
1000,q11003,0
1000,q87,1
1000,q154,1
1000,q8054,1
1000,q11000,1
1000,q175,1
1000,q122,1
1000,q149,1
1000,q11095,1
1000,q8181,0
1000,q145,0
1000,q144,0
1000,q10974,0
1000,q8105,1
1000,q65,1
1000,q23,1
1000,q11170,1
1000,q26,0
1000,q837,1
1000,q743,1
1000,q492,1
1000,q1209,1
1000,q1346,1
1000,q650,0
1000,q1400,1
1000,q374,1
1000,q902,1
1000,q309,1
1000,q941,1
1000,q648,1
1000,q477,1
1000,q686,1
1000,q813,0
1000,q595,1
1000,q623,0
1000,q1053,1
1000,q1174,1
1000,q694,1
1000,q342,0
1000,q1078,1
1000,q1103,1
1000,q534,1
1000,q359,0
1000,q1970,0
1000,q1969,1
1000,q1968,0
1000,q1408,0
1000,q1407,1
1000,q1409,1
1000,q2549,1
1000,q2547,1
1000,q2548,1
1000,q2254,0
1000,q2255,0
1000,q2253,0
1000,q6553,1
1000,q6555,1
1000,q6556,1
1000,q6554,0
1000,q10644,1
1000,q10645,1
1000,q10643,0
1000,q10642,0
1000,q10642,1
1000,q10644,1
1000,q10645,1
1000,q10643,1
1000,q6917,1
1000,q6919,0
1000,q6920,0
1000,q6918,1
1000,q7017,1
1000,q7016,0
1000,q7013,0
1000,q7014,1
1000,q7015,0
1000,q5220,0
1000,q9683,1
1000,q6097,1
1000,q5623,1
1000,q4849,0
1000,q17191,1
1000,q6494,0
1000,q3776,0
1000,q10668,0
1000,q10667,0
1000,q10669,1
1000,q10666,0
1000,q6658,1
1000,q6660,1
1000,q6659,1
1000,q6657,1
1000,q6834,0
1000,q6833,1
1000,q6836,0
1000,q6835,0
1000,q6637,1
1000,q6638,0
1000,q6639,0
1000,q6640,0
1000,q6918,1
1000,q6920,1
1000,q6919,0
1000,q6917,0
1000,q11754,1
1000,q11753,1
1000,q11751,0
1000,q11752,0
1000,q6908,0
1000,q6907,1
1000,q6905,0
1000,q6906,1
1000,q4490,0
1000,q9068,1
1000,q5303,0
1000,q2604,0
1000,q2605,1
1000,q2606,0
1000,q8514,1
1000,q1416,1
1000,q1417,1
1000,q1418,1
1000,q7709,0
1000,q7710,1
1000,q7711,1
1000,q7712,1
1000,q2639,0
1000,q2637,0
1000,q2638,0
1000,q5417,1
1000,q2209,0
1000,q2210,1
1000,q2208,0
1000,q1623,1
1000,q1625,0
1000,q1624,0
1000,q3039,0
1000,q3040,1
1000,q3041,0
1000,q2044,0
1000,q2043,1
1000,q2045,1
1000,q5174,0
1000,q17300,1
1000,q9869,1
1000,q2161,1
1000,q2162,0
1000,q2160,0
1000,q1648,0
1000,q1649,0
1000,q1647,0
1000,q735,1
1000,q11651,0
1000,q11654,1
1000,q11652,1
1000,q11653,1
1000,q2382,1
1000,q2384,0
1000,q2383,1
1000,q7260,1
1000,q7259,0
1000,q7257,0
1000,q7258,0
1000,q7261,0
1000,q4899,0
1000,q6407,1
1000,q3176,0
1000,q3174,1
1000,q3174,1
1000,q3175,1
1000,q3176,0
1000,q5772,1
1000,q8010,0
1000,q8013,1
1000,q8011,1
1000,q8012,1
1000,q2765,0
1000,q2763,1
1000,q2764,1
1000,q2553,1
1000,q2555,0
1000,q2555,0
1000,q2554,0
1000,q2553,1
1000,q1833,1
1000,q1835,1
1000,q1834,0
1000,q703,0
1000,q1531,1
1000,q1530,0
1000,q1532,1
1000,q17607,1
1000,q17608,0
1000,q17609,1
1000,q1791,1
1000,q1793,1
1000,q1792,0
1000,q1693,1
1000,q1692,1
1000,q1694,1
1000,q2772,1
1000,q2773,1
1000,q2774,0
1000,q3312,0
1000,q3314,0
1000,q3313,1
1000,q2904,0
1000,q2906,1
1000,q2905,1
1000,q2698,1
1000,q2699,1
1000,q2697,1
1000,q6764,0
1000,q6762,1
1000,q6763,1
1000,q6761,0
1000,q6985,0
1000,q6988,1
1000,q6986,0
1000,q6987,0
1000,q6667,1
1000,q6665,1
1000,q6668,1
1000,q6666,1
1000,q5784,0
1000,q6502,0
1000,q4158,0
1000,q8999,1
1000,q5475,0
1000,q5287,1
1000,q4155,1
1000,q9533,1
1000,q4489,0
1000,q4210,1
1000,q6335,1
1000,q9746,0
1000,q4012,1
1000,q5315,0
1000,q4167,1
1000,q9073,0
1000,q5515,1
1000,q4205,1
1000,q4276,1
1000,q10308,1
1000,q6733,0
1000,q4166,1
1000,q5694,1
1000,q9569,1
1000,q3794,0
1000,q6334,1
1000,q5838,0
1000,q8953,0
1000,q3996,1
1000,q5075,1
1000,q11652,1
1000,q11654,1
1000,q11653,1
1000,q11651,0
1000,q6844,0
1000,q6841,1
1000,q6843,1
1000,q6842,0
1000,q6798,0
1000,q6799,0
1000,q6797,0
1000,q6800,0
1000,q6941,1
1000,q6942,0
1000,q6944,0
1000,q6943,1
1000,q11763,1
1000,q11766,0
1000,q11764,0
1000,q11765,0
1000,q6914,1
1000,q6916,0
1000,q6915,0
1000,q6913,0
1000,q6974,1
1000,q6976,1
1000,q6975,0
1000,q6973,1
1000,q6968,0
1000,q6967,0
1000,q6965,1
1000,q6966,0
1000,q6991,0
1000,q6989,0
1000,q6990,0
1000,q6992,1
1000,q11880,0
1000,q11882,1
1000,q11879,0
1000,q11881,1
1000,q6695,0
1000,q6694,1
1000,q6693,1
1000,q6696,0
1000,q6868,1
1000,q6867,1
1000,q6865,0
1000,q6866,1
1000,q6861,1
1000,q6863,1
1000,q6864,1
1000,q6862,1
1000,q10835,0
1000,q10833,0
1000,q10834,0
1000,q10832,1
1000,q81,1
1000,q8091,0
1000,q11215,0
10000,q4863,1
10000,q1180,0
10000,q5265,1
10000,q1288,1
10000,q963,0
10000,q4121,0
10000,q1315,0
10000,q5400,1
10000,q3698,1
10000,q5116,0
10000,q9506,0
10000,q5785,1
10000,q5454,0
10000,q5717,1
10000,q8714,0
10000,q5747,1
10000,q4790,1
10000,q1253,0
10000,q1394,0
10000,q3935,0
10000,q9718,1
10000,q4886,1
10000,q6050,0
10000,q5060,0
10000,q9475,1
10000,q5416,1
10000,q4765,0
10000,q4402,1
10000,q8952,0
10000,q580,1
10000,q11259,1
10000,q319,1
10000,q786,0
10000,q730,0
10000,q11261,0
10000,q543,0
10000,q237,0
10000,q6170,0
10000,q9594,0
10000,q5307,0
10000,q17190,0
10000,q3788,0
10000,q4138,1
10000,q5639,0
10000,q9967,1
10000,q6059,1
10000,q3702,1
10000,q5288,0
10000,q8389,0
10000,q4470,1
10000,q4888,1
10000,q4321,0
10000,q9499,1
10000,q3686,0
10000,q6226,1
10000,q5114,1
10000,q9054,0
10000,q4529,0
10000,q5772,0
10000,q4879,1
10000,q8814,0
10000,q4482,1
10000,q5714,1
10000,q4596,1
10000,q17186,0
10000,q4691,1
10000,q4096,1
10000,q3923,0
10000,q10285,1
10000,q5505,0
10000,q4297,1
10000,q5406,1
10000,q8873,1
10000,q5676,1
10000,q4894,0
10000,q4490,0
10000,q9460,0
10000,q6255,0
10000,q8740,0
10000,q8874,1
10000,q4318,1
10000,q8752,1
10000,q5924,1
10000,q4477,1
10000,q6412,1
10000,q3843,1
10000,q5858,1
10000,q4196,1
10000,q9908,1
10000,q8379,1
10000,q4843,0
10000,q5744,0
10000,q3919,1
10000,q8847,1
10000,q5626,1
10000,q5343,1
10000,q9397,1
10000,q9094,0
10000,q9094,1
10000,q8740,0
10000,q3652,1
10000,q5362,1
10000,q6362,1
10000,q5657,1
10000,q6162,1
10000,q9631,1
10000,q5593,1
10000,q5667,1
10000,q3826,1
10000,q8833,0
10000,q4545,1
10000,q9819,1
10000,q8839,1
10000,q8398,1
10000,q6030,0
10000,q6050,0
10000,q6030,1
10000,q4536,1
10000,q5040,1
10000,q6514,0
10000,q5769,1
10000,q9737,1
10000,q17356,1
10000,q3811,0
10000,q4729,0
10000,q6747,0
10000,q6747,1
10000,q5454,1
10000,q9534,1
10000,q9634,1
10000,q4047,1
10000,q17119,0
10000,q5282,1
10000,q9813,1
10000,q9820,0
10000,q9402,1
10000,q4548,0
10000,q9545,0
10000,q9822,0
10000,q5066,0
10000,q17214,1
10000,q3691,0
10000,q6056,0
10000,q9813,1
10000,q9820,0
10000,q9402,1
10000,q4548,0
10000,q9545,0
10000,q9822,0
10000,q5066,0
10000,q17214,1
10000,q3691,0
10000,q6056,0
10000,q8981,1
10000,q4539,1
10000,q9578,1
10000,q8956,1
10000,q8460,1
10000,q3729,0
10000,q6160,1
10000,q4733,1
10000,q5264,1
10000,q8805,1
10000,q5066,1
10000,q3923,1
10000,q8740,0
10000,q9094,1
10000,q479,1
10000,q18039,0
10000,q284,0
10000,q806,0
10000,q1148,1
10000,q17868,1
10000,q1326,1
10000,q791,1
10000,q510,1
10000,q18091,1
10000,q715,1
10000,q1330,0
10000,q1257,0
10000,q17771,1
10000,q1133,1
10000,q807,0
10000,q727,1
10000,q18059,1
10000,q1171,1
10000,q662,1
10000,q8981,1
10000,q4539,1
10000,q9578,1
10000,q8956,1
10000,q8460,1
10000,q3729,0
10000,q6160,1
10000,q4733,1
10000,q5264,1
10000,q8805,1
10000,q5066,1
10000,q3923,1
10000,q8740,0
10000,q9094,1
10000,q479,1
10000,q18039,0
10000,q284,0
10000,q806,0
10000,q1148,1
10000,q17868,1
10000,q1326,1
10000,q791,1
10000,q510,1
10000,q18091,1
10000,q715,1
10000,q1330,0
10000,q1257,0
10000,q17771,1
10000,q1133,1
10000,q807,0
10000,q727,1
10000,q18059,1
10000,q1171,1
10000,q662,1
10000,q4480,0
10000,q9490,0
10000,q9351,1
10000,q17294,1
10000,q5233,1
10000,q10240,1
10000,q9802,1
10000,q9761,1
10000,q8844,0
10000,q8685,1
10000,q9400,1
10000,q8823,0
10000,q9989,1
10000,q8834,1
10000,q17574,0
10000,q9810,1
10000,q5728,1
10000,q8852,1
10000,q10086,0
10000,q4316,1
10000,q4480,0
10000,q9490,0
10000,q9351,1
10000,q17294,1
10000,q5233,1
10000,q10240,1
10000,q9802,1
10000,q9761,1
10000,q8844,0
10000,q8685,1
10000,q9400,1
10000,q8823,0
10000,q9989,1
10000,q8834,1
10000,q17574,0
10000,q9810,1
10000,q5728,1
10000,q8852,1
10000,q10086,0
10000,q4316,1
10000,q5759,1
10000,q6337,0
10000,q5288,1
10000,q6337,1
10000,q8849,1
10000,q5262,0
10000,q17165,1
10000,q9686,0
10000,q4873,1
10000,q6735,1
10000,q4360,1
10000,q9483,1
10000,q4131,0
10000,q5725,0
10000,q6197,0
10000,q5578,0
10000,q10215,1
10000,q6322,1
10000,q6098,1
10000,q17270,1
10000,q17264,1
10000,q5223,0
10000,q5759,1
10000,q6337,0
10000,q5288,1
10000,q6337,1
10000,q8849,1
10000,q5262,0
10000,q17165,1
10000,q9686,0
10000,q4873,1
10000,q6735,1
10000,q4360,1
10000,q9483,1
10000,q8915,1
10000,q4142,0
10000,q3948,1
10000,q17121,0
10000,q8569,1
10000,q4131,0
10000,q5725,0
10000,q4272,0
10000,q9816,1
10000,q4045,1
10000,q9105,0
10000,q17243,1
10000,q6197,0
10000,q5578,0
10000,q10215,1
10000,q6322,1
10000,q6098,1
10000,q17270,1
10000,q17264,1
10000,q5223,0
10000,q8915,1
10000,q4142,0
10000,q3948,1
10000,q17121,0
10000,q8569,1
10000,q4272,0
10000,q9816,1
10000,q4045,1
10000,q9105,0
10000,q17243,1
10000,q5497,1
10000,q9412,1
10000,q4489,1
10000,q3838,1
10000,q9527,1
10000,q4313,1
10000,q8985,0
10000,q9482,1
10000,q5263,1
10000,q17280,1
10000,q4083,1
10000,q6186,0
10000,q9033,0
10000,q9817,1
10000,q9349,1
10000,q5298,0
10000,q9926,0
10000,q3909,0
10000,q5632,1
10000,q9531,0
10000,q5497,1
10000,q9412,1
10000,q4489,1
10000,q3838,1
10000,q9527,1
10000,q4313,1
10000,q8985,0
10000,q9482,1
10000,q5263,1
10000,q17280,1
10000,q4083,1
10000,q6186,0
10000,q9033,0
10000,q9817,1
10000,q9349,1
10000,q5298,0
10000,q9926,0
10000,q3909,0
10000,q5632,1
10000,q9531,0
10000,q17576,1
10000,q17576,1
10000,q5328,0
10000,q5249,0
10000,q8594,1
10000,q17292,0
10000,q8850,1
10000,q17588,0
10000,q9574,1
10000,q5761,1
10000,q6001,1
10000,q5328,0
10000,q5249,0
10000,q8594,1
10000,q17292,0
10000,q8850,1
10000,q17588,0
10000,q9574,1
10000,q5761,1
10000,q6001,1
10000,q8196,1
10000,q5285,1
10000,q5231,0
10000,q4533,1
10000,q4849,0
10000,q8811,1
10000,q9359,0
10000,q6183,1
10000,q8846,0
10000,q9556,1
10000,q8600,1
10000,q9005,1
10000,q9823,1
10000,q9801,1
10000,q17322,0
10000,q8739,1
10000,q9818,1
10000,q8848,1
10000,q4827,1
10000,q4227,1
100000,q8098,0
100001,q8098,1
100001,q8074,1
100001,q176,0
100001,q1279,1
100001,q2067,0
100001,q2068,1
100001,q2069,1
100001,q3412,1
100001,q3411,0
100001,q3413,0
100001,q2991,0
100001,q2992,0
100001,q2993,0
100001,q2630,0
100001,q2628,1
100001,q2629,0
100001,q4555,0
100001,q4178,1
100001,q4761,1
100001,q6185,1
100001,q6243,0
100001,q6442,0
100001,q6951,0
100001,q6952,0
100001,q6949,0
100001,q6950,1
100001,q7335,0
100001,q7337,1
100001,q7338,1
100001,q7336,0
100001,q1267,1
100001,q672,1
100001,q858,0
100002,q8098,1
100002,q8074,0
100002,q176,0
100002,q1279,0
100002,q2067,0
100002,q2068,1
100002,q2069,0
100002,q3411,1
100002,q3412,1
100002,q3413,1
100002,q2991,0
100002,q2992,0
100002,q2993,0
100002,q2628,1
100002,q2629,1
100002,q2630,0
100002,q4555,0
100002,q4178,0
100002,q4761,1
100002,q6185,0
100002,q6243,0
100002,q6442,1
100002,q6949,0
100002,q6950,0
100002,q6951,0
100002,q6952,0
100002,q7335,0
100002,q7336,0
100002,q7337,0
100002,q7338,0
100002,q721,1
100002,q1330,1
100002,q1068,1
100002,q18071,1
100002,q388,1
100002,q524,1
100002,q1005,1
100002,q18118,1
100002,q1287,1
100002,q345,1
100002,q4402,1
100002,q8926,0
100002,q8920,1
100002,q5067,1
100002,q9559,1
100002,q5350,1
100002,q6112,1
100002,q3692,1
100002,q6740,0
100002,q17084,1
100002,q806,1
100002,q18092,0
100002,q313,1
100002,q802,1
100002,q896,1
100002,q17750,1
100002,q398,0
100002,q1254,1
100002,q449,1
100002,q17782,1
100002,q4359,1
100002,q6747,1
100002,q4630,1
100002,q5222,0
100002,q5468,1
100002,q6231,1
100002,q10239,0
100002,q6548,1
100002,q5313,1
100002,q8663,0
100002,q4023,1
100002,q5045,1
100002,q5630,0
100002,q5406,1
100002,q5570,0
100002,q4320,0
100002,q4146,1
100002,q9565,0
100002,q4321,1
100002,q17281,1
100002,q4205,0
100002,q8828,0
100002,q9340,1
100002,q4473,1
100002,q8850,0
100002,q6087,0
100002,q4649,0
100002,q8058,1
100002,q71,1
100002,q179,1
100002,q11144,1
100002,q11113,1
100002,q8094,1
100002,q8128,1
100002,q39,1
100002,q11123,1
100002,q152,1
100002,q113,1
100002,q58,1
100002,q11126,0
100002,q8135,1
100002,q94,1
100002,q157,1
100002,q8080,1
100002,q11053,0
100002,q45,1
100002,q8050,1
100002,q98,1
100002,q8116,0
100002,q8155,1
100002,q99,0
100002,q129,1
100002,q10968,1
100002,q185,1
100002,q159,1
100002,q11005,1
100002,q11199,1
100002,q721,1
100002,q1330,1
100002,q1068,1
100002,q18071,1
100002,q388,1
100002,q524,1
100002,q1005,1
100002,q18118,1
100002,q1287,1
100002,q345,1
100002,q4402,1
100002,q8926,0
100002,q8920,1
100002,q5067,1
100002,q9559,1
100002,q5350,1
100002,q6112,1
100002,q3692,1
100002,q6740,0
100002,q17084,1
100002,q11107,1
100002,q10998,1
100002,q44,1
100002,q11067,1
100002,q8130,1
100002,q11102,1
100002,q8075,1
100002,q8062,1
100002,q11211,1
100002,q8120,1
100002,q11011,1
100002,q10985,1
100002,q178,0
100002,q11058,1
100002,q8,1
100002,q11243,1
100002,q11212,1
100002,q21,1
100002,q11139,1
100002,q164,1
100002,q43,1
100002,q67,1
100002,q806,1
100002,q18092,0
100002,q313,1
100002,q802,1
100002,q896,1
100002,q17750,1
100002,q398,0
100002,q1254,1
100002,q449,1
100002,q17782,1
100002,q4359,1
100002,q6747,1
100002,q4630,1
100002,q5222,0
100002,q5468,1
100002,q6231,1
100002,q10239,0
100002,q6548,1
100002,q5313,1
100002,q8663,0
100002,q6221,0
100002,q4023,1
100002,q5045,1
100002,q5630,0
100002,q5406,1
100002,q5570,0
100002,q4320,0
100002,q4146,1
100002,q9565,0
100002,q4321,1
100002,q17281,1
100002,q4205,0
100002,q8828,0
100002,q9340,1
100002,q4473,1
100002,q8850,0
100002,q6087,0
100002,q4649,0
100002,q8058,1
100002,q71,1
100002,q179,1
100002,q11144,1
100002,q11113,1
100002,q8094,1
100002,q8128,1
100002,q39,1
100002,q11123,1
100002,q152,1
100002,q113,1
100002,q58,1
100002,q11126,0
100002,q8135,1
100002,q94,1
100002,q157,1
100002,q8080,1
100002,q11053,0
100002,q45,1
100002,q8050,1
100002,q98,1
100002,q8116,0
100002,q8155,1
100002,q99,0
100002,q129,1
100002,q10968,1
100002,q185,1
100002,q159,1
100002,q11005,1
100002,q11199,1
100002,q11107,1
100002,q10998,1
100002,q44,1
100002,q11067,1
100002,q8130,1
100002,q11102,1
100002,q8075,1
100002,q8062,1
100002,q11211,1
100002,q8120,1
100002,q11011,1
100002,q10985,1
100002,q178,0
100002,q11058,1
100002,q8,1
100002,q11243,1
100002,q11212,1
100002,q21,1
100002,q11139,1
100002,q164,1
100002,q43,1
100002,q67,1
100002,q6221,0
100003,q8098,1
100003,q8074,0
100003,q176,0
100003,q1279,1
100003,q2067,0
100003,q2068,1
100003,q2069,1
100003,q3411,0
100003,q3412,0
100003,q3413,0
100003,q2991,0
100003,q2992,0
100003,q2993,0
100003,q2628,0
100003,q2629,1
100003,q2630,0
100003,q4555,1
100003,q4178,0
100003,q4761,1
100003,q6185,1
100003,q6243,0
100003,q6442,1
100003,q6949,0
100003,q6950,1
100003,q6951,1
100003,q6952,0
100003,q7335,0
100003,q7336,0
100003,q7337,0
100003,q7338,0
100004,q8098,1
100004,q8074,0
100004,q176,0
100004,q1279,1
100004,q2067,1
100004,q2069,1
100004,q2068,1
100004,q3412,1
100004,q3413,1
100004,q3411,0
100004,q2993,0
100004,q2992,0
100004,q2991,0
100004,q2630,0
100004,q2629,1
100004,q2628,1
100004,q4555,1
100004,q4178,0
100004,q4761,1
100004,q6185,0
100004,q6243,1
100004,q6442,0
100004,q6950,1
100004,q6949,0
100004,q6951,1
100004,q6952,0
100004,q7335,1
100004,q7336,1
100004,q7337,1
100004,q7338,0
